{
  "project_info": {
    "project_number": "630044639012",
    "firebase_url": "https://millionaires-95056-default-rtdb.firebaseio.com",
    "project_id": "millionaires-95056",
    "storage_bucket": "millionaires-95056.appspot.com"
  },
  "client": [
    {
      "client_info": {
        "mobilesdk_app_id": "1:630044639012:android:00c59cce332ffffa1c7db1",
        "android_client_info": {
          "package_name": "com.android.application"
        }
      },
      "oauth_client": [
        {
          "client_id": "630044639012-ftji8dv6t7dqdltr5vbgmfj2ep32g3f5.apps.googleusercontent.com",
          "client_type": 3
        }
      ],
      "api_key": [
        {
          "current_key": "AIzaSyAsfrsRu0OnS44zP-RdrY_Boy_tlckFC4A"
        }
      ],
      "services": {
        "appinvite_service": {
          "other_platform_oauth_client": [
            {
              "client_id": "630044639012-ftji8dv6t7dqdltr5vbgmfj2ep32g3f5.apps.googleusercontent.com",
              "client_type": 3
            }
          ]
        }
      }
    },
    {
      "client_info": {
        "mobilesdk_app_id": "1:630044639012:android:41f263ffab93317b1c7db1",
        "android_client_info": {
          "package_name": "com.example.millionairs"
        }
      },
      "oauth_client": [
        {
          "client_id": "630044639012-ftji8dv6t7dqdltr5vbgmfj2ep32g3f5.apps.googleusercontent.com",
          "client_type": 3
        }
      ],
      "api_key": [
        {
          "current_key": "AIzaSyAsfrsRu0OnS44zP-RdrY_Boy_tlckFC4A"
        }
      ],
      "services": {
        "appinvite_service": {
          "other_platform_oauth_client": [
            {
              "client_id": "630044639012-ftji8dv6t7dqdltr5vbgmfj2ep32g3f5.apps.googleusercontent.com",
              "client_type": 3
            }
          ]
        }
      }
    }
  ],
  "configuration_version": "1"
}